{"cameraMode":{"drawMode":0,"name":"Shaded","section":"Shading Mode"},"sceneLighting":false,"audioPlay":false,"sceneViewState":{"showFog":false,"showMaterialUpdate":false,"showSkybox":false,"showFlares":false,"showImageEffects":false,"showParticleSystems":false},"in2DMode":false,"pivot":{"x":1.8833653926849366,"y":1.1706044673919678,"z":-4.991812229156494},"rotation":{"x":0.06355895847082138,"y":-0.0012047686614096165,"z":0.000015579897080897354,"w":0.9980116486549377},"size":0.6213147640228272,"orthographic":true}