{"cameraMode":{"drawMode":0,"name":"Shaded","section":"Shading Mode"},"sceneLighting":false,"audioPlay":false,"sceneViewState":{"showFog":false,"showMaterialUpdate":false,"showSkybox":false,"showFlares":false,"showImageEffects":false,"showParticleSystems":false},"in2DMode":false,"pivot":{"x":1.2899999618530274,"y":3.3769354820251467,"z":-2.700000047683716},"rotation":{"x":0.2519361674785614,"y":-0.01248228084295988,"z":0.00325490883551538,"w":0.9676677584648132},"size":1.125265121459961,"orthographic":true}