{"cameraMode":{"drawMode":0,"name":"Shaded","section":"Shading Mode"},"sceneLighting":false,"audioPlay":false,"sceneViewState":{"showFog":false,"showMaterialUpdate":false,"showSkybox":false,"showFlares":false,"showImageEffects":false,"showParticleSystems":false},"in2DMode":false,"pivot":{"x":5.005666732788086,"y":3.066970109939575,"z":-2.910374879837036},"rotation":{"x":0.2524752616882324,"y":0.05134215205907822,"z":-0.013442983850836754,"w":0.9661749005317688},"size":7.564292907714844,"orthographic":true}