{"cameraMode":{"drawMode":0,"name":"Shaded","section":"Shading Mode"},"sceneLighting":false,"audioPlay":false,"sceneViewState":{"showFog":false,"showMaterialUpdate":false,"showSkybox":false,"showFlares":false,"showImageEffects":false,"showParticleSystems":false},"in2DMode":false,"pivot":{"x":-5.2486572265625,"y":2.010282516479492,"z":-1.4258934259414673},"rotation":{"x":0.31664177775382998,"y":-0.010547633282840252,"z":0.0035214365925639869,"w":0.9485048055648804},"size":0.617597758769989,"orthographic":true}