{"cameraMode":{"drawMode":0,"name":"Shaded","section":"Shading Mode"},"sceneLighting":false,"audioPlay":false,"sceneViewState":{"showFog":false,"showMaterialUpdate":false,"showSkybox":false,"showFlares":false,"showImageEffects":false,"showParticleSystems":false},"in2DMode":false,"pivot":{"x":16.969999313354493,"y":8.109999656677246,"z":-10.779999732971192},"rotation":{"x":0.022152554243803026,"y":-0.06384091824293137,"z":0.0014201444573700429,"w":0.997722864151001},"size":1.2124358415603638,"orthographic":true}