{"cameraMode":{"drawMode":0,"name":"Shaded","section":"Shading Mode"},"sceneLighting":false,"audioPlay":false,"sceneViewState":{"showFog":false,"showMaterialUpdate":false,"showSkybox":false,"showFlares":false,"showImageEffects":false,"showParticleSystems":false},"in2DMode":false,"pivot":{"x":0.0,"y":3.999999761581421,"z":0.1400003433227539},"rotation":{"x":0.31664177775382998,"y":-0.010547633282840252,"z":0.0035214365925639869,"w":0.9485048055648804},"size":11.149219512939454,"orthographic":true}